DELETE FROM addresses;
DELETE FROM carriers;
DELETE FROM customers;
DELETE FROM dispatches;
DELETE FROM dispatches_freight_bills;
DELETE FROM drivers;
DELETE FROM freight_bills;
DELETE FROM trucks;
DELETE FROM workorders;

INSERT INTO `addresses` (`id`, `street1`, `street2`, `city`, `district`, `region`, `postcode`, `country`, `created`, `modified`) VALUES
(1, '123 Main Street', NULL, 'Houston', NULL, 'Texas', '77002', 'US', '0000-00-00 00:00:00', '0000-00-00 00:00:00'),
(2, '1001 Avenue A', NULL, 'Houston', NULL, 'Texas', '77010', 'US', '0000-00-00 00:00:00', '0000-00-00 00:00:00'),
(3, '1232 Lake Circle', NULL, 'Houston', NULL, 'Texas', '77004', 'US', '0000-00-00 00:00:00', '0000-00-00 00:00:00'),
(4, '1889 Holly Oaks', NULL, 'Houston', NULL, 'Texas', '77011', 'US', '0000-00-00 00:00:00', '0000-00-00 00:00:00'),

(5, '44 State Stree', NULL, 'Billington', NULL, 'Washington', '94543', 'US', '0000-00-00 00:00:00', '0000-00-00 00:00:00'),
(6, '8403 Large Marge', NULL, 'Clarksdale', NULL, 'Utah', '99234', 'US', '0000-00-00 00:00:00', '0000-00-00 00:00:00'),
(7, '893 Blue Bird ln', NULL, 'Smithville', NULL, 'Mississippi', '48053', 'US', '0000-00-00 00:00:00', '0000-00-00 00:00:00'),
(8, '2380 Smith Street', NULL, 'La Grange', NULL, 'Texas', '7791', 'US', '0000-00-00 00:00:00', '0000-00-00 00:00:00'),

(9, '48389 Shadow Wood', NULL, 'Houston', NULL, 'Texas', '77092', 'US', '0000-00-00 00:00:00', '0000-00-00 00:00:00'),
(10, '118 Grant Rd', NULL, 'Cypress', NULL, 'Texas', '77089', 'US', '0000-00-00 00:00:00', '0000-00-00 00:00:00'),
(11, '1111 Saathoff', NULL, 'Magnloia', NULL, 'Texas', '77088', 'US', '0000-00-00 00:00:00', '0000-00-00 00:00:00'),
(12, '2422 Lake Park Cir', NULL, 'Tomball', NULL, 'Texas', '77031', 'US', '0000-00-00 00:00:00', '0000-00-00 00:00:00'),

(13, '4832 FireSide Blvd', NULL, 'Merlin', NULL, 'Alaska', '99002', 'US', '0000-00-00 00:00:00', '0000-00-00 00:00:00'),
(14, '877 Remington Rd', NULL, 'Black Hawk', NULL, 'Tennessee', '73010', 'US', '0000-00-00 00:00:00', '0000-00-00 00:00:00'),
(15, '223 Hills Dr', NULL, 'Helana', NULL, 'Montanna', '99804', 'US', '0000-00-00 00:00:00', '0000-00-00 00:00:00'),
(16, '18 Fox Trot Ln', NULL, 'Blute', NULL, 'Oklahoma', '79011', 'US', '0000-00-00 00:00:00', '0000-00-00 00:00:00');


INSERT INTO `carriers` (`id`, `name`) VALUES
(1, '***IN-HOUSE***'),
(2, 'XYZ Carriers'),
(3, 'Baker Bots'),
(4, 'Transport Inc'),
(5, 'Cross Country Transport'),
(6, 'Banks Cargo'),
(7, 'ANC Carriers'),
(8, 'A Very Long Named Company Transport'),
(9, 'AMD Walking Dead'),
(10, 'Breaking Bad Inc.'),
(11, 'Roho Transport'),
(12, 'Get R Done Trucking'),
(13, 'Trucking R Us');

INSERT INTO `customers` (`id`, `name`, `phone`, `user_id`, `address_id`, `created`, `modified`) VALUES
(1, 'ABC Logistics', '(713) 123-4567', NULL, 1, '0000-00-00 00:00:00', '0000-00-00 00:00:00'),
(2, 'Gogo Trucking', '(281) 987-6543', NULL, 2, '0000-00-00 00:00:00', '0000-00-00 00:00:00'),
(3, 'YoYo Movers', '(713) 123-4567', NULL, 1, '0000-00-00 00:00:00', '0000-00-00 00:00:00'),
(4, 'Wild Bill Transport', '(713) 123-4567', NULL, 1, '0000-00-00 00:00:00', '0000-00-00 00:00:00'),
(5, 'Hanna Barbara', '(713) 123-4567', NULL, 1, '0000-00-00 00:00:00', '0000-00-00 00:00:00'),
(6, 'BJ Oil Drillers', '(713) 123-4567', NULL, 1, '0000-00-00 00:00:00', '0000-00-00 00:00:00'),
(7, 'Oil Gas Supply', '(713) 123-4567', NULL, 1, '0000-00-00 00:00:00', '0000-00-00 00:00:00'),
(8, 'Trillinare Assest', '(713) 123-4567', NULL, 1, '0000-00-00 00:00:00', '0000-00-00 00:00:00'),
(9, 'Bayou Billions', '(713) 123-4567', NULL, 1, '0000-00-00 00:00:00', '0000-00-00 00:00:00'),
(10, 'Swamp Loggers', '(713) 123-4567', NULL, 1, '0000-00-00 00:00:00', '0000-00-00 00:00:00'),
(11, 'Lost Trucking Co', '(713) 123-4567', NULL, 1, '0000-00-00 00:00:00', '0000-00-00 00:00:00'),
(12, 'Queso Grande Inc', '(713) 123-4567', NULL, 1, '0000-00-00 00:00:00', '0000-00-00 00:00:00'),
(13, 'Wayside Inc', '(713) 123-4567', NULL, 1, '0000-00-00 00:00:00', '0000-00-00 00:00:00'),
(14, 'True Transport', '(713) 123-4567', NULL, 1, '0000-00-00 00:00:00', '0000-00-00 00:00:00'),
(15, 'Pipe Trucking', '(281) 987-6543', NULL, 2, '0000-00-00 00:00:00', '0000-00-00 00:00:00');

INSERT INTO `dispatches` (`id`, `customer_id`, `from_address`, `to_address`, `invoice`, `truck_count`, `pickup_date`, `delivery_date`, `status`, `created`, `modified`) VALUES
(3, 1, 2, 1, 10.00, 1, '2012-02-14 00:00:00', '2012-02-14 00:00:00', 3, '0000-00-00 00:00:00', '0000-00-00 00:00:00'),
(4, 1, 1, 3, 10.00, 2, '2012-02-14 00:00:00', '2012-02-14 00:00:00', 3, '0000-00-00 00:00:00', '0000-00-00 00:00:00'),
(5, 1, 3, 4, 10.00, 3, '2012-02-14 00:00:00', '2012-02-14 00:00:00', 3, '0000-00-00 00:00:00', '0000-00-00 00:00:00'),
(6, 4, 2, 1, 10.00, 1, '2012-02-14 00:00:00', '2012-02-14 00:00:00', 3, '0000-00-00 00:00:00', '0000-00-00 00:00:00'),
(7, 4, 6, 3, 10.00, 2, '2012-02-14 00:00:00', '2012-02-14 00:00:00', 3, '0000-00-00 00:00:00', '0000-00-00 00:00:00'),
(8, 5, 3, 5, 10.00, 3, '2012-02-14 00:00:00', '2012-02-14 00:00:00', 3, '0000-00-00 00:00:00', '0000-00-00 00:00:00'),
(9, 3, 9, 3, 10.00, 1, '2012-02-14 00:00:00', '2012-02-14 00:00:00', 3, '0000-00-00 00:00:00', '0000-00-00 00:00:00'),
(10, 4, 9, 7, 10.00, 2, '2012-02-14 00:00:00', '2012-02-14 00:00:00', 3, '0000-00-00 00:00:00', '0000-00-00 00:00:00'),
(11, 6, 13, 14, 10.00, 3, '2012-02-14 00:00:00', '2012-02-14 00:00:00', 3, '0000-00-00 00:00:00', '0000-00-00 00:00:00'),
(12, 7, 5, 9, 10.00, 1, '2012-02-14 00:00:00', '2012-02-14 00:00:00', 3, '0000-00-00 00:00:00', '0000-00-00 00:00:00'),
(13, 8, 1, 7, 10.00, 2, '2012-02-14 00:00:00', '2012-02-14 00:00:00', 3, '0000-00-00 00:00:00', '0000-00-00 00:00:00'),
(14, 18, 3, 4, 10.00, 3, '2012-02-14 00:00:00', '2012-02-14 00:00:00', 3, '0000-00-00 00:00:00', '0000-00-00 00:00:00'),
(15, 12, 2, 1, 10.00, 1, '2012-02-14 00:00:00', '2012-02-14 00:00:00', 3, '0000-00-00 00:00:00', '0000-00-00 00:00:00'),
(16, 17, 1, 3, 10.00, 2, '2012-02-14 00:00:00', '2012-02-14 00:00:00', 3, '0000-00-00 00:00:00', '0000-00-00 00:00:00'),
(17, 19, 3, 4, 10.00, 3, '2012-02-14 00:00:00', '2012-02-14 00:00:00', 3, '0000-00-00 00:00:00', '0000-00-00 00:00:00'),
(18, 17, 2, 1, 10.00, 1, '2012-02-14 00:00:00', '2012-02-14 00:00:00', 3, '0000-00-00 00:00:00', '0000-00-00 00:00:00'),
(19, 17, 1, 3, 10.00, 2, '2012-02-14 00:00:00', '2012-02-14 00:00:00', 3, '0000-00-00 00:00:00', '0000-00-00 00:00:00'),
(20, 22, 3, 4, 10.00, 3, '2012-02-14 00:00:00', '2012-02-14 00:00:00', 3, '0000-00-00 00:00:00', '0000-00-00 00:00:00'),
(21, 22, 2, 1, 10.00, 1, '2012-02-14 00:00:00', '2012-02-14 00:00:00', 3, '0000-00-00 00:00:00', '0000-00-00 00:00:00'),
(22, 22, 1, 3, 10.00, 2, '2012-02-14 00:00:00', '2012-02-14 00:00:00', 3, '0000-00-00 00:00:00', '0000-00-00 00:00:00'),
(23, 22, 3, 4, 10.00, 3, '2012-02-14 00:00:00', '2012-02-14 00:00:00', 3, '0000-00-00 00:00:00', '0000-00-00 00:00:00'),
(24, 16, 2, 1, 10.00, 1, '2012-02-14 00:00:00', '2012-02-14 00:00:00', 3, '0000-00-00 00:00:00', '0000-00-00 00:00:00'),
(25, 10, 1, 3, 10.00, 2, '2012-02-14 00:00:00', '2012-02-14 00:00:00', 3, '0000-00-00 00:00:00', '0000-00-00 00:00:00'),
(26, 7, 3, 4, 10.00, 3, '2012-02-14 00:00:00', '2012-02-14 00:00:00', 3, '0000-00-00 00:00:00', '0000-00-00 00:00:00'),
(27, 4, 2, 1, 10.00, 1, '2012-02-14 00:00:00', '2012-02-14 00:00:00', 3, '0000-00-00 00:00:00', '0000-00-00 00:00:00'),
(28, 17, 1, 3, 10.00, 2, '2012-02-14 00:00:00', '2012-02-14 00:00:00', 3, '0000-00-00 00:00:00', '0000-00-00 00:00:00'),
(29, 19, 3, 4, 10.00, 3, '2012-02-14 00:00:00', '2012-02-14 00:00:00', 3, '0000-00-00 00:00:00', '0000-00-00 00:00:00'),
(30, 20, 4, 5, 10.00, 1, '2012-02-14 00:00:00', '2012-02-14 00:00:00', 3, '0000-00-00 00:00:00', '0000-00-00 00:00:00');

INSERT INTO `dispatches_freight_bills` (`dispatch_id`, `freight_bill_id`, `created`, `modified`, `id`) VALUES
(1, 1, '0000-00-00 00:00:00', '0000-00-00 00:00:00', 1),
(2, 2, '0000-00-00 00:00:00', '0000-00-00 00:00:00', 2),
(3, 3, '0000-00-00 00:00:00', '0000-00-00 00:00:00', 3),
(4, 4, '0000-00-00 00:00:00', '0000-00-00 00:00:00', 4),
(5, 5, '0000-00-00 00:00:00', '0000-00-00 00:00:00', 5),
(6, 6, '0000-00-00 00:00:00', '0000-00-00 00:00:00', 6),
(7, 7, '0000-00-00 00:00:00', '0000-00-00 00:00:00', 7),
(8, 8, '0000-00-00 00:00:00', '0000-00-00 00:00:00', 8),
(9, 9, '0000-00-00 00:00:00', '0000-00-00 00:00:00', 9),
(10, 10, '0000-00-00 00:00:00', '0000-00-00 00:00:00', 10),
(11, 11, '0000-00-00 00:00:00', '0000-00-00 00:00:00', 11),
(12, 12, '0000-00-00 00:00:00', '0000-00-00 00:00:00', 12),
(13, 13, '0000-00-00 00:00:00', '0000-00-00 00:00:00', 13),
(14, 14, '0000-00-00 00:00:00', '0000-00-00 00:00:00', 14),
(15, 15, '0000-00-00 00:00:00', '0000-00-00 00:00:00', 15),
(16, 16, '0000-00-00 00:00:00', '0000-00-00 00:00:00', 16),
(17, 17, '0000-00-00 00:00:00', '0000-00-00 00:00:00', 17),
(18, 18, '0000-00-00 00:00:00', '0000-00-00 00:00:00', 18),
(19, 19, '0000-00-00 00:00:00', '0000-00-00 00:00:00', 19),
(20, 20, '0000-00-00 00:00:00', '0000-00-00 00:00:00', 20),
(21, 21, '0000-00-00 00:00:00', '0000-00-00 00:00:00', 21),
(22, 22, '0000-00-00 00:00:00', '0000-00-00 00:00:00', 22),
(23, 23, '0000-00-00 00:00:00', '0000-00-00 00:00:00', 23),
(24, 24, '0000-00-00 00:00:00', '0000-00-00 00:00:00', 24),
(25, 25, '0000-00-00 00:00:00', '0000-00-00 00:00:00', 25),
(26, 26, '0000-00-00 00:00:00', '0000-00-00 00:00:00', 26),
(27, 27, '0000-00-00 00:00:00', '0000-00-00 00:00:00', 27),
(28, 28, '0000-00-00 00:00:00', '0000-00-00 00:00:00', 28),
(29, 29, '0000-00-00 00:00:00', '0000-00-00 00:00:00', 29),
(30, 30, '0000-00-00 00:00:00', '0000-00-00 00:00:00', 30);

INSERT INTO `drivers` (`id`, `name`, `number`, `birthdate`, `hiredate`, `type`, `active`, `license_id`, `login_id`, `created`, `modified`) VALUES
(1, 'Robert Paulson', '200', '0000-00-00 00:00:00', '0000-00-00 00:00:00', 0, 1, NULL, NULL, '0000-00-00 00:00:00', '0000-00-00 00:00:00'),
(2, 'John Smith', '341', '0000-00-00 00:00:00', '0000-00-00 00:00:00', 0, 1, NULL, NULL, '0000-00-00 00:00:00', '0000-00-00 00:00:00'),

(3, 'Bill Additington', '200', '0000-00-00 00:00:00', '0000-00-00 00:00:00', 0, 1, NULL, NULL, '0000-00-00 00:00:00', '0000-00-00 00:00:00'),
(4, 'John Smith', '341', '0000-00-00 00:00:00', '0000-00-00 00:00:00', 0, 1, NULL, NULL, '0000-00-00 00:00:00', '0000-00-00 00:00:00'),
(5, 'Roy Jones', '232', '0000-00-00 00:00:00', '0000-00-00 00:00:00', 0, 1, NULL, NULL, '0000-00-00 00:00:00', '0000-00-00 00:00:00'),
(6, 'Chris Matthews', '23', '0000-00-00 00:00:00', '0000-00-00 00:00:00', 0, 1, NULL, NULL, '0000-00-00 00:00:00', '0000-00-00 00:00:00'),
(7, 'Clark Edwards', '432', '0000-00-00 00:00:00', '0000-00-00 00:00:00', 0, 1, NULL, NULL, '0000-00-00 00:00:00', '0000-00-00 00:00:00'),
(8, 'Susan Jones', '322', '0000-00-00 00:00:00', '0000-00-00 00:00:00', 0, 1, NULL, NULL, '0000-00-00 00:00:00', '0000-00-00 00:00:00'),
(9, 'Jon Jones', '3488', '0000-00-00 00:00:00', '0000-00-00 00:00:00', 0, 1, NULL, NULL, '0000-00-00 00:00:00', '0000-00-00 00:00:00'),
(10, 'Jim Jones', '534', '0000-00-00 00:00:00', '0000-00-00 00:00:00', 0, 1, NULL, NULL, '0000-00-00 00:00:00', '0000-00-00 00:00:00'),
(11, 'Sam Elliot', '45', '0000-00-00 00:00:00', '0000-00-00 00:00:00', 0, 1, NULL, NULL, '0000-00-00 00:00:00', '0000-00-00 00:00:00'),
(12, 'Jesus Jones', '3433', '0000-00-00 00:00:00', '0000-00-00 00:00:00', 0, 1, NULL, NULL, '0000-00-00 00:00:00', '0000-00-00 00:00:00'),
(13, 'James Taylor', '4343', '0000-00-00 00:00:00', '0000-00-00 00:00:00', 0, 1, NULL, NULL, '0000-00-00 00:00:00', '0000-00-00 00:00:00');


INSERT INTO `freight_bills` (`id`, `customer_id`, `from_address`, `to_address`, `truck_id`, `trailer_id`, `driver_id`, `truck_pay`, `driver_pay`, `status`, `created`, `modified`) VALUES
(1, 17, 2, 1, 31, NULL, 1, 1.00, 1.00, 0, '0000-00-00 00:00:00', '0000-00-00 00:00:00'),
(2, 17, 1, 3, 32, NULL, 3, 1.00, 1.00, 0, '0000-00-00 00:00:00', '0000-00-00 00:00:00'),
(3, 19, 3, 1, 33, NULL, 4, 1.00, 1.00, 0, '0000-00-00 00:00:00', '0000-00-00 00:00:00'),
(4, 17, 5, 3, 31, NULL, 3, 1.00, 1.00, 0, '0000-00-00 00:00:00', '0000-00-00 00:00:00'),
(5, 17, 1, 13, 32, NULL, 3, 1.00, 1.00, 0, '0000-00-00 00:00:00', '0000-00-00 00:00:00'),
(6, 19, 3, 1, 33, NULL, 5, 1.00, 1.00, 0, '0000-00-00 00:00:00', '0000-00-00 00:00:00'),
(7, 1, 2, 1, 31, NULL, 2, 1.00, 1.00, 0, '0000-00-00 00:00:00', '0000-00-00 00:00:00'),
(8, 12, 12, 3, 32, NULL, 3, 1.00, 1.00, 0, '0000-00-00 00:00:00', '0000-00-00 00:00:00'),
(9, 13, 3, 1, 33, NULL, 4, 1.00, 1.00, 0, '0000-00-00 00:00:00', '0000-00-00 00:00:00'),
(10, 11, 2, 1, 31, NULL, 5, 1.00, 1.00, 0, '0000-00-00 00:00:00', '0000-00-00 00:00:00'),
(11, 11, 1, 3, 32, NULL, 3, 1.00, 1.00, 0, '0000-00-00 00:00:00', '0000-00-00 00:00:00'),
(12, 14, 3, 1, 33, NULL, 4, 1.00, 1.00, 0, '0000-00-00 00:00:00', '0000-00-00 00:00:00'),
(13, 12, 2, 1, 31, NULL, 4, 1.00, 1.00, 0, '0000-00-00 00:00:00', '0000-00-00 00:00:00'),
(14, 9, 1, 3, 32, NULL, 9, 1.00, 1.00, 0, '0000-00-00 00:00:00', '0000-00-00 00:00:00'),
(15, 9, 3, 1, 33, NULL, 3, 1.00, 1.00, 0, '0000-00-00 00:00:00', '0000-00-00 00:00:00'),
(16, 8, 2, 1, 31, NULL, 2, 1.00, 1.00, 0, '0000-00-00 00:00:00', '0000-00-00 00:00:00'),
(17, 2, 1, 3, 32, NULL, 1, 1.00, 1.00, 0, '0000-00-00 00:00:00', '0000-00-00 00:00:00'),
(18, 3, 3, 1, 33, NULL, 4, 1.00, 1.00, 0, '0000-00-00 00:00:00', '0000-00-00 00:00:00'),
(19, 2, 2, 1, 31, NULL, 3, 1.00, 1.00, 0, '0000-00-00 00:00:00', '0000-00-00 00:00:00'),
(20, 3, 1, 3, 32, NULL, 3, 1.00, 1.00, 0, '0000-00-00 00:00:00', '0000-00-00 00:00:00'),
(21, 19, 3, 1, 33, NULL, 4, 1.00, 1.00, 0, '0000-00-00 00:00:00', '0000-00-00 00:00:00'),
(22, 17, 2, 1, 31, NULL, 3, 1.00, 1.00, 0, '0000-00-00 00:00:00', '0000-00-00 00:00:00'),
(23, 17, 1, 3, 32, NULL, 3, 1.00, 1.00, 0, '0000-00-00 00:00:00', '0000-00-00 00:00:00'),
(24, 19, 3, 1, 33, NULL, 4, 1.00, 1.00, 0, '0000-00-00 00:00:00', '0000-00-00 00:00:00'),
(25, 19, 3, 1, 33, NULL, 3, 1.00, 1.00, 0, '0000-00-00 00:00:00', '0000-00-00 00:00:00'),
(26, 17, 2, 1, 31, NULL, 5, 1.00, 1.00, 0, '0000-00-00 00:00:00', '0000-00-00 00:00:00'),
(27, 17, 1, 3, 32, NULL, 3, 1.00, 1.00, 0, '0000-00-00 00:00:00', '0000-00-00 00:00:00'),
(28, 19, 3, 1, 33, NULL, 4, 1.00, 1.00, 0, '0000-00-00 00:00:00', '0000-00-00 00:00:00'),
(29, 20, 4, 2, 34, NULL, 5, 1.00, 1.00, 0, '0000-00-00 00:00:00', '0000-00-00 00:00:00');

INSERT INTO `trucks` (`id`, `vin`, `unitnumber`, `carrier_id`, `make`, `model`, `year`, `engine`, `platenumber`, `plateregion`, `plateexpiry`, `weight`, `dotexpiry`, `status`, `created`, `modified`) VALUES
(31, '1M8GDM9A0KP042788', NULL, 1, NULL, NULL, NULL, NULL, NULL, NULL, NULL, NULL, NULL, 0, '0000-00-00 00:00:00', '0000-00-00 00:00:00'),
(32, '1M8GDM9A0KP004123', NULL, 5, NULL, NULL, NULL, NULL, NULL, NULL, NULL, NULL, NULL, 0, '0000-00-00 00:00:00', '0000-00-00 00:00:00'),
(33, '1M8GDM9A0Kaa42788', NULL, 2, NULL, NULL, NULL, NULL, NULL, NULL, NULL, NULL, NULL, 0, '0000-00-00 00:00:00', '0000-00-00 00:00:00'),
(34, '1M8GDM9A0KP0aa3304123', NULL,13, NULL, NULL, NULL, NULL, NULL, NULL, NULL, NULL, NULL, 0, '0000-00-00 00:00:00', '0000-00-00 00:00:00');

INSERT INTO `workorders` (`id`, `customer_id`, `description`, `price`, `status`, `type`, `requested`, `completed`) VALUES
(1, 18, 'Repair threads on marked pipe.', 600.00, 0, 1, '2012-03-13 00:00:00', '2012-04-02 00:00:00');
